{
    "addons": {
        "several27@icloud.com": {
            "updates": [
                {
                    "version": "0.813",
                    "update_link": "https://fusemind-v2.azurewebsites.net/firefox/webextension-0.813.xpi"
                },
                {
                    "version": "0.814",
                    "update_link": "https://fusemind-v2.azurewebsites.net/firefox/webextension-0.814.xpi"
                },
                {
                    "version": "0.815",
                    "update_link": "https://fusemind-v2.azurewebsites.net/firefox/webextension-0.815.xpi"
                },
                {
                    "version": "0.816",
                    "update_link": "https://fusemind-v2.azurewebsites.net/firefox/webextension-0.816.xpi"
                },
                {
                    "version": "0.817",
                    "update_link": "https://fusemind-v2.azurewebsites.net/firefox/webextension-0.817.xpi"
                },
                {
                    "version": "0.818",
                    "update_link": "https://fusemind-v2.azurewebsites.net/firefox/webextension-0.818.xpi"
                },
                {
                    "version": "0.820",
                    "update_link": "https://fusemind-v2.azurewebsites.net/firefox/webextension-0.820.xpi"
                },
                {
                    "version": "0.821",
                    "update_link": "https://fusemind-v2.azurewebsites.net/firefox/webextension-0.821.xpi"
                },
                {
                    "version": "0.832",
                    "update_link": "https://fusemind-v2.azurewebsites.net/firefox/webextension-0.832.xpi"
                }
            ]
        }
    }
}